# ************************************************************
# Sequel Pro SQL dump
# Version 4096
#
# http://www.sequelpro.com/
# http://code.google.com/p/sequel-pro/
#
# Host: 127.0.0.1 (MySQL 5.1.66)
# Database: fmpdo
# Generation Time: 2013-12-15 17:26:21 -0800
# ************************************************************


/*!40101 SET @OLD_CHARACTER_SET_CLIENT=@@CHARACTER_SET_CLIENT */;
/*!40101 SET @OLD_CHARACTER_SET_RESULTS=@@CHARACTER_SET_RESULTS */;
/*!40101 SET @OLD_COLLATION_CONNECTION=@@COLLATION_CONNECTION */;
/*!40101 SET NAMES utf8 */;
/*!40014 SET @OLD_FOREIGN_KEY_CHECKS=@@FOREIGN_KEY_CHECKS, FOREIGN_KEY_CHECKS=0 */;
/*!40101 SET @OLD_SQL_MODE=@@SQL_MODE, SQL_MODE='NO_AUTO_VALUE_ON_ZERO' */;
/*!40111 SET @OLD_SQL_NOTES=@@SQL_NOTES, SQL_NOTES=0 */;


# Dump of table category
# ------------------------------------------------------------

DROP TABLE IF EXISTS `category`;

CREATE TABLE `category` (
  `id` int(11) unsigned NOT NULL AUTO_INCREMENT,
  `name` varchar(255) DEFAULT NULL,
  `type` varchar(255) DEFAULT NULL,
  `date_created` date DEFAULT NULL,
  `timestamp_modified` timestamp NULL DEFAULT NULL ON UPDATE CURRENT_TIMESTAMP,
  `time_created` time DEFAULT NULL,
  PRIMARY KEY (`id`)
) ENGINE=MyISAM DEFAULT CHARSET=utf8;

LOCK TABLES `category` WRITE;
/*!40000 ALTER TABLE `category` DISABLE KEYS */;

INSERT INTO `category` (`id`, `name`, `type`, `date_created`, `timestamp_modified`, `time_created`)
VALUES
	(1,'Belmont','city','2013-02-01','2013-12-15 16:58:14','08:09:00'),
	(2,'Palo Alto','town','2013-12-03','2013-12-11 21:47:10','08:10:01'),
	(3,'California','state','2013-12-04','2013-12-11 21:47:26','08:15:13'),
	(4,'Mexico','country','2013-12-05','2013-12-11 21:47:42','08:16:23'),
	(5,'San Mateo','city','2013-12-06','2013-12-11 21:47:48','00:00:00'),
	(6,'Austin','city','2013-12-17','2013-12-11 21:47:58','08:22:23'),
	(41,NULL,NULL,'2013-12-18','2013-12-11 21:48:02','08:23:23'),
	(37,NULL,'town','2013-12-18','2013-12-11 21:48:31','09:16:23'),
	(42,'Bristol','city','2013-12-11','2013-12-11 21:49:07','09:33:23'),
	(43,'Brazil','country','2013-12-11','2013-12-11 19:09:29','18:01:10'),
	(44,'Germany','country','2013-12-11',NULL,'19:08:25'),
	(67,'Wolcott','town','2013-12-15',NULL,'16:58:14'),
	(66,'Wolcott','town','2013-12-15',NULL,'16:56:43'),
	(65,'Wolcott','town','2013-12-15',NULL,'09:53:46'),
	(64,'Wolcott','town','2013-12-15',NULL,'08:38:38'),
	(63,'Wolcott','town','2013-12-14',NULL,'15:13:10'),
	(62,'Wolcott','town','2013-12-14',NULL,'15:11:22'),
	(61,'Wolcott','town','2013-12-14',NULL,'15:08:47'),
	(60,'Wolcott','town','2013-12-14',NULL,'15:07:58'),
	(59,'Wolcott','town','2013-12-14',NULL,'15:05:21'),
	(58,'Wolcott','town','2013-12-12',NULL,'21:02:57'),
	(57,'Wolcott','town','2013-12-11',NULL,'22:06:19');

/*!40000 ALTER TABLE `category` ENABLE KEYS */;
UNLOCK TABLES;

DELIMITER ;;
/*!50003 SET SESSION SQL_MODE="" */;;
/*!50003 CREATE */ /*!50017 DEFINER=`root`@`localhost` */ /*!50003 TRIGGER `on_create` BEFORE INSERT ON `category` FOR EACH ROW BEGIN
SET NEW.time_created = NOW();
SET NEW.date_created = CURDATE();
END */;;
DELIMITER ;
/*!50003 SET SESSION SQL_MODE=@OLD_SQL_MODE */;


# Dump of table company
# ------------------------------------------------------------

DROP TABLE IF EXISTS `company`;

CREATE TABLE `company` (
  `id` int(11) unsigned NOT NULL AUTO_INCREMENT,
  `name` varchar(255) DEFAULT NULL,
  `city` varchar(32) DEFAULT NULL,
  PRIMARY KEY (`id`)
) ENGINE=MyISAM DEFAULT CHARSET=utf8;

LOCK TABLES `company` WRITE;
/*!40000 ALTER TABLE `company` DISABLE KEYS */;

INSERT INTO `company` (`id`, `name`, `city`)
VALUES
	(1,'Oracle Corporation','Redwood City'),
	(2,'Hewlett-Packard Company','Palo Alto'),
	(3,'Symantec Corporation','Mountain View'),
	(4,'San Mateo County Community College District','San Mateo'),
	(5,'The Gap, Inc.','San Francisco'),
	(6,'Ariba, Inc.','Sunnyvale'),
	(7,'Symphony Teleca','Palo Alto'),
	(8,'Applied Biosystems, part of Life Technologies','San Mateo'),
	(9,'Tyco Thermal Controls','Menlo Park'),
	(10,'Schneider Electric - Buildings Business','Burlingame'),
	(11,'American Infrastructure MLP Fund','San Mateo'),
	(12,'Advanced Technology Ventures','Palo Alto'),
	(13,'Environmental Volunteers Inc','Palo Alto'),
	(14,'Max\'s Restaurants','South San Francisco'),
	(15,'Pollock Financial Group','Portola Valley'),
	(16,'YottaMark','Redwood City'),
	(17,'China Airlines','Burlingame'),
	(18,'Rocket21','Redwood City'),
	(19,'Plan Toys Inc.','Mountain View'),
	(20,'Catalyst Resources','San Mateo'),
	(21,'Actel Corporations','Mountain View'),
	(22,'Soft Techonology Solutions','Burlingame'),
	(23,'SafetyTox, LLC','Santa Clara'),
	(24,'Alhana Foods Llc.','San Mateo'),
	(25,'Alpine Hills Tennis & Swimming','Portola Valley'),
	(26,'Aikido Institute','Daly City'),
	(27,'Mcguire Real Estate - Debbie Sharp','Burlingame'),
	(28,'Gap Inc.','San Francisco'),
	(29,'Rosarito Condos','Redwood City'),
	(30,'MyPlay','Redwood City');

/*!40000 ALTER TABLE `company` ENABLE KEYS */;
UNLOCK TABLES;


# Dump of table contact
# ------------------------------------------------------------

DROP TABLE IF EXISTS `contact`;

CREATE TABLE `contact` (
  `id` int(11) unsigned NOT NULL AUTO_INCREMENT,
  `id_company` int(11) DEFAULT NULL,
  `name_first` varchar(255) DEFAULT NULL,
  `name_last` varchar(255) DEFAULT NULL,
  `zip_code` varchar(11) DEFAULT NULL,
  PRIMARY KEY (`id`)
) ENGINE=MyISAM DEFAULT CHARSET=utf8;

LOCK TABLES `contact` WRITE;
/*!40000 ALTER TABLE `contact` DISABLE KEYS */;

INSERT INTO `contact` (`id`, `id_company`, `name_first`, `name_last`, `zip_code`)
VALUES
	(1,1,'Fred','Flintstone','94002'),
	(3,1,'Marion','Sarnosky','94002'),
	(4,2,'Taryn','Gfroerer','94002'),
	(5,3,'Dena','Hemenway','94002'),
	(6,4,'Jayne','Mayotte','94002'),
	(7,5,'Derrick','Nogosek','94002'),
	(8,6,'Scot','Amidon','94002'),
	(9,7,'Curtis','Furlong','94002'),
	(10,8,'Concepcion','Pacenta','94002'),
	(11,9,'Vance','Cabiness','94002'),
	(12,10,'Henry','Trautner','94002'),
	(13,11,'Fanny','Mellison','94002'),
	(14,12,'Giuseppe','Zide','94002'),
	(15,13,'Jake','Degroote','94002'),
	(16,14,'Jospeh','Widen','94002'),
	(17,15,'Heath','Calliham','94002'),
	(18,16,'Ernestine','Caraveo','94002'),
	(19,17,'Kent','Whelan','94002'),
	(20,18,'Faye','Soppe','94002'),
	(21,19,'Rosalia','Kepp','94002'),
	(22,20,'Dominique','Gorka','94002'),
	(23,21,'Jaclyn','Bergsten','94002'),
	(24,22,'Corey','Naval','94002'),
	(25,23,'Alice','Hattori','94002'),
	(26,24,'Winnie','Vernetti','94002'),
	(27,0,'Waylon','Appleby','94002'),
	(28,1,'Jerald','Picchetti','94002'),
	(29,2,'Freddy','Blaski','94002'),
	(30,3,'Janelle','Oieda','94002'),
	(31,4,'Lee','Bobson','94002'),
	(32,5,'Gene','Betties','94002'),
	(33,6,'Logan','Holquin','94002'),
	(34,7,'Peggy','Spindler','94002'),
	(35,8,'Shelby','Skill','94002'),
	(36,9,'Cordell','Siren','94002'),
	(37,10,'Odessa','Chill','94002'),
	(38,11,'Dorothea','Oberhelman','94002'),
	(39,12,'Diego','Storch','94002'),
	(40,13,'Jefferey','Czerkies','94002'),
	(41,14,'Gwen','Compagna','94002'),
	(42,15,'Jackie','Gaiter','94002'),
	(43,16,'Amos','Bobowiec','94002'),
	(44,17,'Cody','Moncada','94002'),
	(45,18,'Lucius','Andrae','94002'),
	(46,19,'Dolores','Wansley','94002'),
	(47,20,'Nona','Beachell','94002'),
	(48,21,'Hayden','Kenebrew','94002'),
	(49,22,'Haywood','Kennard','94002'),
	(50,23,'Jon','Foulcard','94002'),
	(51,24,'Lina','Arne','94002'),
	(52,0,'Lucas','Eberenz','94002'),
	(53,1,'Carolyn','Beth','94002'),
	(54,2,'Graham','Kazmi','94002'),
	(55,3,'Fredric','Boehler','94002'),
	(56,4,'Jame','Zanco','94002'),
	(57,5,'Clint','Muraski','94002'),
	(58,6,'Adrian','Brantley','94002'),
	(59,7,'Kelvin','Perl','94002'),
	(60,8,'Vicente','Karpowich','94002'),
	(61,9,'Ina','Schulte','94002'),
	(62,10,'Sherwood','Carline','94002'),
	(63,11,'Marta','Manzanilla','94002'),
	(64,12,'Darrell','Fiala','94002'),
	(65,13,'Ernest','Buglione','94002'),
	(66,14,'Hortencia','Waffle','94002'),
	(67,15,'Alec','Donehoo','94002'),
	(68,16,'Renita','Derer','94002'),
	(69,17,'Hope','Etheridge','94002'),
	(70,18,'Jamie','Rininger','94002'),
	(71,19,'Kerri','Kniceley','94002'),
	(72,20,'Charmaine','Nepomuceno','94002'),
	(73,21,'Mary','Kubacki','94002'),
	(74,22,'Alphonse','Woodring','94002'),
	(75,23,'Ronald','Rydalch','94002'),
	(76,24,'Rey','Caudel','94002'),
	(77,0,'Edith','Catton','94002'),
	(78,1,'Ike','Pirrotta','94002'),
	(79,2,'Ellis','Silveira','94005'),
	(80,3,'Geoffrey','Demro','94005'),
	(81,4,'Tommie','Segars','94005'),
	(82,5,'Cristopher','Palay','94005'),
	(83,6,'Waldo','Baldrey','94005'),
	(84,7,'Beth','Sweene','94005'),
	(85,8,'Winifred','Dorcelus','94005'),
	(86,9,'Otha','Dicampli','94005'),
	(87,10,'Guadalupe','Wisse','94005'),
	(88,11,'Philip','Howlett','94005'),
	(89,12,'Augusta','Saladino','94005'),
	(90,13,'Taryn','Belak','94005'),
	(91,14,'Dena','Androlewicz','94005'),
	(92,15,'Margot','Thane','94005'),
	(93,16,'Fay','Tromburg','94005'),
	(94,17,'Casey','Mazariegos','94005'),
	(95,18,'Ruthie','Cockrill','94005'),
	(96,19,'Mayme','Domingez','94005'),
	(97,20,'Gordon','Kiniry','94005'),
	(98,21,'Kellie','Fells','94005'),
	(99,22,'Gonzalo','Lockbaum','94005'),
	(100,23,'Nick','Surma','94005'),
	(101,24,'Elaine','Heckathorne','94005'),
	(102,0,'Frank','Pevez','94005'),
	(103,1,'Francis','Schauble','94005'),
	(104,2,'Josue','Kutchar','94005'),
	(105,3,'Trenton','Sustar','94005'),
	(106,4,'Sherwood','Keeler','94005'),
	(107,5,'Berta','Bambrick','94005'),
	(108,6,'Milo','Machens','94005'),
	(109,7,'Maricela','Fandrich','94005'),
	(110,8,'Donna','Culligan','94005'),
	(111,9,'Elba','Ostrzyeki','94010'),
	(112,10,'Rhea','Bores','94010'),
	(113,11,'Kermit','Huner','94010'),
	(114,12,'Christi','Oransky','94010'),
	(115,13,'Delilah','Custer','94010'),
	(116,14,'Tameka','Pitman','94010'),
	(117,15,'Gordon','Luague','94010'),
	(118,16,'Ike','Lainhart','94010'),
	(119,17,'Barb','Ossola','94010'),
	(120,18,'Randall','Tolden','94010'),
	(121,19,'Marlene','Castillejo','94010'),
	(122,20,'Alejandro','Aylock','94010'),
	(123,21,'Son','Laabs','94010'),
	(124,22,'Dianne','Min','94010'),
	(125,23,'Samuel','Jen','94010'),
	(126,24,'Moses','Torrent','94010'),
	(127,0,'Lucas','Athalone','94010'),
	(128,1,'Ambrose','Sarnowski','94010'),
	(129,2,'Elton','Leuenthal','94010'),
	(130,3,'Samantha','Westling','94010'),
	(131,4,'Damon','Yono','94010'),
	(132,5,'Kim','Jagodzinski','94010'),
	(133,6,'Valencia','Trieu','94010'),
	(134,7,'Benny','Sesso','94010'),
	(135,8,'Allene','Warzybok','94010'),
	(136,9,'Bettye','Cordill','94010'),
	(137,10,'Rudolf','Axman','94010'),
	(138,11,'Dianne','Clouston','94010'),
	(139,12,'Jillian','Retterath','94010'),
	(140,13,'Retha','Mcroyal','94010'),
	(141,14,'Ariel','Rodenbeck','94010'),
	(142,15,'Joseph','Dodge','94010'),
	(143,16,'Benito','Eurton','94010'),
	(144,17,'Miranda','Marose','94010'),
	(145,18,'Verna','Lirette','94010'),
	(146,19,'Randi','Mcnurlen','94010'),
	(147,20,'Cruz','Tremillo','94010'),
	(148,21,'Juliet','Hering','94010'),
	(149,22,'Cruz','Dyrstad','94010'),
	(150,23,'Flossie','Golliday','94010'),
	(151,24,'Kraig','Mounsey','94010'),
	(152,0,'Carroll','Ovesen','94010'),
	(153,1,'Goldie','Carradine','94010'),
	(154,2,'Winifred','Ozier','94010'),
	(155,3,'Bertie','Golabek','94010'),
	(156,4,'Marva','Dibenedetti','94010'),
	(157,5,'Richie','Mckeane','94010'),
	(158,6,'Benny','Cunniffe','94010'),
	(159,7,'Willa','Noye','94010'),
	(160,8,'Elroy','Yasuda','94010'),
	(161,9,'Felton','Lipani','94010'),
	(162,10,'Lenore','Pettersson','94010'),
	(163,11,'Kenneth','Fowlie','94010'),
	(164,12,'Chong','Hoffert','94010'),
	(165,13,'Brianna','Bardes','94010'),
	(166,14,'Alison','Herdt','94010'),
	(167,15,'Johnie','Oneal','94010'),
	(168,16,'Rochelle','Hemsworth','94010'),
	(169,17,'Adalberto','Kumfer','94010'),
	(170,18,'Lynda','Scarpello','94010'),
	(171,19,'Marla','Pignotti','94010'),
	(172,20,'Randolph','Kewal','94010'),
	(173,21,'Elba','Bursey','94010'),
	(174,22,'Bruce','Talladino','94010'),
	(175,23,'Steve','Crozat','94010'),
	(176,24,'Gretchen','Walrod','94010'),
	(177,0,'Abdul','Genzel','94010'),
	(178,1,'Mayme','Merante','94010'),
	(179,2,'Millicent','Matlow','94010'),
	(180,3,'Newton','Guley','94010'),
	(181,4,'Stefan','Gammage','94010'),
	(182,5,'Jan','Thibeault','94010'),
	(183,6,'Bobby','Crother','94010'),
	(184,7,'Ethel','Summerour','94010'),
	(185,8,'Hung','Masterman','94011'),
	(186,9,'Elizabeth','Walkes','94010'),
	(187,10,'Booker','Lopau','94010'),
	(188,11,'Ron','Goosby','94010'),
	(189,12,'Gretchen','Spana','94010'),
	(190,13,'Elbert','Vasil','94010'),
	(191,14,'Zella','Pebbles','94010'),
	(192,15,'Delilah','Raheem','94010'),
	(193,16,'Dale','Duy','94010'),
	(194,17,'Isaias','Mallinak','94010'),
	(195,18,'Rene','Knowlton','94010'),
	(196,19,'Mercedes','Rodar','94010'),
	(197,20,'Karrie','Vanwinkle','94010'),
	(198,21,'Darrin','Thoms','94010'),
	(199,22,'Philip','Strei','94010'),
	(200,23,'Darla','Demosthenes','94010'),
	(201,24,'Errol','Commerford','94010'),
	(202,0,'Destiny','Odenwald','94010'),
	(203,1,'Jeffery','Illingworth','94010'),
	(204,2,'Luella','Ellen','94010'),
	(205,3,'Berta','Anton','94010'),
	(206,4,'Greta','Kisinger','94010'),
	(207,5,'Kristina','Henrichs','94010'),
	(208,6,'Meagan','Shamsi','94010'),
	(209,7,'Jessica','Bondroff','94010'),
	(210,8,'Johnnie','Gonzolas','94010'),
	(211,9,'Tamika','Nonemaker','94011'),
	(212,10,'Roslyn','Kantrowitz','94010'),
	(213,11,'Faustino','Pyros','94010'),
	(214,12,'Stephen','Silleman','94010'),
	(215,13,'Jacquline','Lipsky','94010'),
	(216,14,'Toni','Kloberdanz','94010'),
	(217,15,'Williams','Biedenbender','94010'),
	(218,16,'Melinda','Pruette','94010'),
	(219,17,'Ty','Knarr','94010'),
	(220,18,'Tasha','Gump','94010'),
	(221,19,'Rosario','Baughey','94010'),
	(222,20,'Nina','Gourdin','94010'),
	(223,21,'Mia','Desjardins','94010'),
	(224,22,'Maritza','Grollman','94010'),
	(225,23,'Alphonse','Bucks','94010'),
	(226,24,'Lorraine','Chong','94010'),
	(227,0,'Maribel','Selis','94010'),
	(228,1,'Althea','Mockus','94010'),
	(229,2,'Jewell','Ameling','94010'),
	(230,3,'Katie','Younger','94010'),
	(231,4,'Francesco','Landavazo','94010'),
	(232,5,'Lidia','Philavong','94010'),
	(233,6,'Carla','Hirao','94010'),
	(234,7,'Ward','Pintado','94010'),
	(235,8,'Alene','Purdy','94010'),
	(236,9,'Milton','Trainor','94010'),
	(237,10,'Sue','Greenhill','94011'),
	(238,11,'Audrey','Shanafelt','94010'),
	(239,12,'Alisha','Markgraf','94010'),
	(240,13,'Mia','Lowd','94010'),
	(241,14,'Erik','Afurong','94010'),
	(242,15,'Michelle','Fenstermacher','94010'),
	(243,16,'Seymour','Ruzbasan','94010'),
	(244,17,'Irma','Anchondo','94010'),
	(245,18,'Erin','Sciabica','94010'),
	(246,19,'Wanda','Stauch','94010'),
	(247,20,'Mamie','Reist','94010'),
	(248,21,'Buford','Kingdom','94010'),
	(249,22,'Clint','Haymon','94010'),
	(250,23,'Moises','Hossain','94010'),
	(251,24,'Cara','Velovic','94010'),
	(252,0,'Angel','Chobot','94010'),
	(253,1,'Milton','Novellino','94010'),
	(254,2,'Efrain','Meldahl','94010'),
	(255,3,'Burt','Mumper','94010'),
	(256,4,'Herb','Gawel','94010'),
	(257,5,'Ulysses','Spurgeon','94010'),
	(258,6,'Markus','Ogans','94010'),
	(259,7,'Porter','Snowden','94010'),
	(260,8,'Kurtis','Luebke','94010'),
	(261,9,'Orlando','Seehusen','94010'),
	(262,10,'Leora','Verrill','94010'),
	(263,11,'Rosalind','Hyter','94010'),
	(264,12,'Jefferson','Rorabaugh','94010'),
	(265,13,'Quintin','Shamburger','94010'),
	(266,14,'Cheri','Lantaff','94010'),
	(267,15,'Andrea','Strausner','94010'),
	(268,16,'Edgar','Wojtowicz','94010'),
	(269,17,'Theodora','Culverhouse','94010'),
	(270,18,'Thanh','Kvzian','94010'),
	(271,19,'Byron','Bullard','94010'),
	(272,20,'Tricia','Gares','94010'),
	(273,21,'Lizzie','Neiffer','94010'),
	(274,22,'Tawana','Hillerman','94010'),
	(275,23,'Maude','Gumbel','94010'),
	(276,24,'Dwain','Nishimori','94010'),
	(277,0,'Tamera','Ducksworth','94010'),
	(278,1,'Alfreda','Scollard','94010'),
	(279,2,'Elliott','Progacz','94010'),
	(280,3,'Boyce','Spraberry','94010'),
	(281,4,'Stan','Bohlig','94010'),
	(282,5,'Margot','Chieffo','94014'),
	(283,6,'Katheryn','Schwinghammer','94014'),
	(284,7,'Goldie','Paone','94015'),
	(285,8,'Lynette','Bellin','94015'),
	(286,9,'Colby','Belstad','94015'),
	(287,10,'Latrice','Quillens','94015'),
	(288,11,'Imelda','Mantle','94015'),
	(289,12,'Lesley','Cornett','94015'),
	(290,13,'Derek','Melis','94015'),
	(291,14,'Frankie','Buren','94014'),
	(292,15,'Isabella','Boenisch','94014'),
	(293,16,'Vance','Tanweer','94015'),
	(294,17,'Kari','Rylant','94015'),
	(295,18,'Trudy','Chhon','94015'),
	(296,19,'Cameron','Rijo','94015'),
	(297,20,'Arnoldo','Vendelin','94015'),
	(298,21,'Calvin','Marsters','94014'),
	(299,22,'Mikel','Kenaga','94014'),
	(300,23,'Marcella','Bohonik','94015'),
	(301,24,'Marina','Greenwaldt','94015'),
	(302,0,'Jean','Pastorius','94014'),
	(303,1,'Emery','Laginess','94015'),
	(304,2,'Kenneth','Honzell','94015'),
	(305,3,'Lori','Gocke','94015'),
	(306,4,'Monica','Kenaan','94015'),
	(307,5,'Christal','Raith','94014'),
	(308,6,'Reggie','Knapchuck','94014'),
	(309,7,'Alexis','Battle','94014'),
	(310,8,'Bertie','Shetz','94015'),
	(311,9,'Ellsworth','Binkerd','94015'),
	(312,10,'Alexis','Mcmillion','94014'),
	(313,11,'Jeannine','Gerdsen','94015'),
	(314,12,'Clinton','Kercado','94015'),
	(315,13,'Ahmad','Pelosi','94015'),
	(316,14,'Agustin','Radunz','94014'),
	(317,15,'Nickolas','Laurel','94015'),
	(318,16,'Dalton','Spofford','94014'),
	(319,17,'Isiah','Catrett','94014'),
	(320,18,'Milan','Timmermann','94015'),
	(321,19,'Reba','Koroma','94015'),
	(322,20,'Norbert','Lasseter','94015'),
	(323,21,'Esteban','Modglin','94015'),
	(324,22,'Ronald','Spece','94015'),
	(325,23,'Abbie','Parbs','94015'),
	(326,24,'Matthew','Kohatsu','94015'),
	(327,0,'Tomas','Fatchett','94014'),
	(328,1,'Andrea','Taaffe','94014'),
	(329,2,'Evangeline','Boyanton','94014'),
	(330,3,'Marian','Schaper','94019'),
	(331,4,'Gail','Rochlin','94019'),
	(332,5,'Alex','Kirksey','94019'),
	(333,6,'Cesar','Villamil','94019'),
	(334,7,'Richard','Resper','94019'),
	(335,8,'Shirley','Raffa','94019'),
	(336,9,'Isiah','Albery','94019'),
	(337,10,'Mikel','Steenhoven','94019'),
	(338,11,'Pasquale','Trisler','94019'),
	(339,12,'Odell','Hoopes','94019'),
	(340,13,'Shelton','Lidtke','94019'),
	(341,14,'Elia','Jespersen','94019'),
	(342,15,'Lacy','Quackenbush','94019'),
	(343,16,'Caroline','Zito','94019'),
	(344,17,'Domenic','Wolff','94019'),
	(345,18,'Wilson','Rahall','94019'),
	(346,19,'Jasmin','Leavitt','94019'),
	(347,20,'Brooks','Fabiszewski','94019'),
	(348,21,'Evan','Sughrue','94019'),
	(349,22,'Mitch','Vanmiddleswor','94020');

/*!40000 ALTER TABLE `contact` ENABLE KEYS */;
UNLOCK TABLES;



/*!40111 SET SQL_NOTES=@OLD_SQL_NOTES */;
/*!40101 SET SQL_MODE=@OLD_SQL_MODE */;
/*!40014 SET FOREIGN_KEY_CHECKS=@OLD_FOREIGN_KEY_CHECKS */;
/*!40101 SET CHARACTER_SET_CLIENT=@OLD_CHARACTER_SET_CLIENT */;
/*!40101 SET CHARACTER_SET_RESULTS=@OLD_CHARACTER_SET_RESULTS */;
/*!40101 SET COLLATION_CONNECTION=@OLD_COLLATION_CONNECTION */;
